0,Harry Potter and the Order of the Phoenix
1,Twilight
2,Harry Potter and the Goblet of Fire
3,Harry Potter and the Prisoner of Azkaban
4,The Da Vinci Code
5,Harry Potter and the Sorcerer's Stone
6,Harry Potter and the Chamber of Secrets
7,Harry Potter and the Half-Blood Prince
8,Eragon
9,Memoirs of a Geisha
10,The Cat in the Hat
11,Harry Potter and the Deathly Hallows
12,"The Lion, the Witch, and the Wardrobe"
13,The Golden Compass
14,The Lightning Thief
15,Ella Enchanted
16,New Moon
17,Pride and Prejudice
18,To Kill a Mockingbird
19,Charlotte's Web
20,Holes
21,The Hunger Games
22,Angels & Demons
23,How the Grinch Stole Christmas!
24,Interview with the Vampire
25,Eclipse
26,The Count of Monte Cristo
27,The Fellowship of the Ring
28,Romeo and Juliet
29,The Kite Runner
30,Matilda
31,Prince Caspian
32,Gone with the Wind
33,Charlie and the Chocolate Factory
34,The Outsiders
35,The Hitchhiker's Guide to the Galaxy
36,The Bad Beginning
37,It
38,The Notebook
39,Jurassic Park
40,The Devil Wears Prada
41,The Return of the King
42,The Secret Garden
43,Jane Eyre
44,Little Women
45,The Time Traveler's Wife
46,My Sister's Keeper
47,The Sisterhood of the Traveling Pants
48,The Firm
49,Inkheart
50,The Polar Express
51,Divine Secrets of the Ya-Ya Sisterhood
52,The Shining
53,The Queen of the Damned
54,The Two Towers
55,Bridget Jones's Diary
56,1984
57,P.S. I Love You
58,White Oleander
59,Where the Heart Is
60,The Stand
61,The Princess Bride
62,Stardust
63,Girl With a Pearl Earring
64,A Walk to Remember
65,The Mists of Avalon
66,The Lovely Bones
67,Pet Sematary
68,Running with Scissors
69,Sense and Sensibility
70,Perfume: The Story of a Murderer
71,Stuart Little
72,The Clan of the Cave Bear
73,Misery
74,Breaking Dawn
75,The Hobbit
76,The Joy Luck Club
77,Blood and Chocolate
78,Great Expectations
79,Where the Wild Things Are
80,Dracula
81,Dune
82,Timeline
83,Bridget Jones: The Edge of Reason
84,Howl's Moving Castle
85,The Nanny Diaries
86,The Great Gatsby
87,Lord of the Flies
88,The Bourne Identity
89,Sphere
90,Rebecca
91,Atonement
92,The Horse Whisperer
93,One Flew Over the Cuckoo's Nest
94,Left Behind
95,Circle of Friends
96,Cold Mountain
97,Frankenstein
98,The Runaway Jury
99,Jumanji
100,The Client
101,Confessions of a Shopaholic
102,Starship Troopers
103,Congo
104,Wuthering Heights
105,Of Mice and Men
106,Marley and Me: Life and Love With the World's Worst Dog
107,James and the Giant Peach
108,A Clockwork Orange
109,Skipping Christmas
110,The Girl with the Dragon Tattoo
111,The Lost World
112,The Green Mile
113,The Prince of Tides
114,Watchmen
115,Flowers in the Attic
116,The Bridges of Madison County
117,The Beach
118,The Help
119,The Dark Is Rising
120,The City of Ember
121,Tuck Everlasting
122,Firestarter
123,Where the Red Fern Grows
124,Fahrenheit 451
125,Alice's Adventures in Wonderland & Through the Looking-Glass
126,City of Bones
127,Beloved
128,The Secret Life of Bees
129,The Cider House Rules
130,'Salem's Lot
131,A Little Princess
132,The Handmaid's Tale
133,The Neverending Story
134,The Silence of the Lambs
135,Carrie
136,Dead Until Dark
137,The Scarlet Letter
138,Little House on the Prairie
139,Midnight in the Garden of Good and Evil: A Savannah Story
140,Water for Elephants
141,Dear John
142,The Last Song
143,The Princess Diaries
144,The Shipping News
145,The Three Musketeers
146,The Witches
147,Along Came a Spider
148,The War of the Worlds
149,Watership Down
150,Beowulf
151,"I, Robot"
152,Christine
153,The World According to Garp
154,The Namesake
155,High Fidelity
156,The Memory Keeper's Daughter
157,Coraline
158,Lolita
159,Hamlet
160,The Wonderful Wizard of Oz
161,Divergent
162,Emma
163,The Color Purple
164,The Time Machine
165,Catch-22
166,Message in a Bottle
167,The Host
168,Because of Winn-Dixie
169,The Godfather
170,The Tale of Despereaux
171,Red Dragon
172,The Picture of Dorian Gray
173,Fight Club
174,Everything Is Illuminated
175,The Pelican Brief
176,Chocolat
177,Angela's Ashes
178,The Crucible
179,Cujo
180,Winnie-the-Pooh
181,V for Vendetta
182,The Name of the Rose
183,Mansfield Park
184,The House of the Spirits
185,In Her Shoes
186,Bridge to Terabithia
187,"The League of Extraordinary Gentlemen, Vol. 1"
188,The Little Mermaid
189,Seabiscuit: An American Legend
190,The Sea of Monsters
191,Love in the Time of Cholera
192,Fried Green Tomatoes at the Whistle Stop Cafe
193,"Eat, Pray, Love"
194,Dreamcatcher
195,The Virgin Suicides
196,Choke
197,In Cold Blood
198,The Power of One
199,Snow Falling on Cedars
200,The Unbearable Lightness of Being
201,A Time to Kill
202,Kiss the Girls
203,Nights in Rodanthe
204,Heidi
205,American Psycho
206,The Hours
207,House of Sand and Fog
208,The Bourne Supremacy
209,The Running Man
210,The Diary of a Young Girl
211,Horton Hears a Who!
212,A Prayer for Owen Meany
213,The Exorcist
214,The Voyage of the Dawn Treader
215,The Boy in the Striped Pajamas
216,The Hunt for Red October
217,Beautiful Creatures
218,Hannibal
219,Catching Fire
220,The Iliad
221,Battlefield Earth: A Saga of the Year 3000
222,The English Patient
223,A Midsummer Night's Dream
224,Speak
225,The Bonfire of the Vanities
226,The Adventures of Huckleberry Finn
227,The Grapes of Wrath
228,Clear and Present Danger
229,Macbeth
230,Persuasion
231,Needful Things
232,Nick & Norah's Infinite Playlist
233,Corelli's Mandolin
234,Cloudy With a Chance of Meatballs
235,"Girl, Interrupted"
236,The Indian in the Cupboard
237,The Spiderwick Chronicles Box Set
238,Jumper
239,Mrs. Frisby and the Rats of NIMH
240,Flowers for Algernon
241,The Phantom of the Opera
242,Fear and Loathing in Las Vegas
243,The Children of Men
244,The Second Summer of the Sisterhood
245,Beastly
246,Pillar of Light
247,Peter Pan
248,Slaughterhouse-Five
249,The Road
250,Into the Wild
251,The Rainmaker
252,Oliver Twist
253,And Then There Were None
254,The Andromeda Strain
255,Breakfast at Tiffany's
256,Alice in Wonderland
257,Practical Magic
258,The Thorn Birds
259,Bringing Down the House: The Inside Story of Six M.I.T. Students Who Took Vegas for Millions
260,The Island of Dr. Moreau
261,Mystic River
262,The Reader
263,Brave New World
264,The Bone Collector
265,The Amityville Horror
266,Crossing the Seas: A Diary of My Thoughts
267,Contact
268,Fast Food Nation: The Dark Side of the All-American Meal
269,The Thief Lord
270,The Maze Runner
271,The Pillars of the Earth
272,Watchers
273,The Ruins
274,Northanger Abbey
275,Vampire Academy
276,Othello
277,Journey to the Center of the Earth
278,Shutter Island
279,Dolores Claiborne
280,Shopgirl
281,The Hotel New Hampshire
282,The Fountainhead
283,Blindness
284,The Bourne Ultimatum
285,Anna Karenina
286,The Good Earth
287,Lonesome Dove
288,Murder on the Orient Express
289,The Fault in Our Stars
290,2001: A Space Odyssey
291,Let the Right One In
292,Different Seasons
293,A Game of Thrones
294,One for the Money
295,Hearts in Atlantis
296,Cheaper by the Dozen
297,Relic
298,The Lorax
299,The French Lieutenant's Woman
300,Forrest Gump
301,Never Let Me Go
302,The Book Thief
303,Alive: The Story of the Andes Survivors
304,The Sum of All Fears
305,The Borrowers
306,A Christmas Carol
307,Love Story
308,Smilla's Sense of Snow
309,Q & A
310,Stormbreaker
311,Papillon
312,The Stepford Wives
313,Do Androids Dream of Electric Sheep?
314,The Perks of Being a Wallflower
315,Even Cowgirls Get the Blues
316,The Tommyknockers
317,Cannery Row
318,World War Z: An Oral History of the Zombie War
319,The Last Unicorn
320,The Sword in the Stone
321,About a Boy
322,Strip Tease
323,Neverwhere
324,Like Water for Chocolate
325,Catch Me If You Can: The True Story of a Real Fake
326,The Accidental Tourist
327,The Black Cauldron
328,Black Beauty
329,The Chamber
330,The Reptile Room
331,The Black Dahlia
332,Animal Farm
333,The Postman
334,300
335,Insurgent
336,Mary Poppins
337,Battle Royale
338,A Clash of Kings
339,The Odyssey
340,The Dead Zone
341,Sybil: The Classic True Story of a Woman Possessed by Sixteen Personalities
342,The First Wives Club
343,Absolute Power
344,Life of Pi
345,Out of Africa
346,Under the Tuscan Sun
347,Waiting to Exhale
348,Mockingjay
349,Like a Fire Burning
350,Anne of Green Gables
351,Sookie Stackhouse 7-copy Boxed Set
352,Dances with Wolves
353,The Giver
354,One Day
355,Little Men
356,Ice Station Zebra
357,Schindler's List
358,Baby-Sitters Club Boxed Set #1
359,The Lucky One
360,Johnny Tremain
361,Valley of the Dolls
362,"Gone, Baby, Gone"
363,A Tree Grows in Brooklyn
364,Possession
365,The Girl Who Kicked the Hornet's Nest
366,Sleepers
367,The Swiss Family Robinson
368,Darkly Dreaming Dexter
369,Shiloh
370,Ender's Game
371,A Tale of Two Cities
372,The Girl Who Played with Fire
373,Trainspotting
374,Hogfather
375,The Vampire's Assistant
376,Night Watch
377,Tara Road
378,Solaris
379,"The Punisher, Vol. 1: Welcome Back, Frank"
380,No Country For Old Men
381,We Need to Talk About Kevin
382,Star Wars: Episode III - Revenge of the Sith
383,Sarah's Key
384,Tess of the D'Urbervilles
385,Madeline
386,The 39 Steps
387,Requiem for a Dream
388,The Haunting of Hill House
389,The Prestige
390,Jaws
391,A Ring of Endless Light
392,The Remains of the Day
393,The Alchemist
394,Empire of the Sun
395,The Wide Window
396,Ethan Frome
397,A Civil Action
398,Island of the Blue Dolphins
399,It's Kind of a Funny Story
400,The Human Stain
401,Breakfast of Champions
402,What Dreams May Come
403,From Hell
404,The Last Temptation of Christ
405,Push
406,A Thousand Acres
407,East of Eden
408,The General's Daughter
409,The Woman in White
410,Big Trouble
411,Persepolis: The Story of a Childhood
412,Abraham Lincoln: Vampire Hunter
413,Ordinary People
414,Ayat-Ayat Cinta
415,The Maltese Falcon
416,Vanity Fair
417,Diary of a Wimpy Kid
418,Revolutionary Road
419,Wonder Boys
420,The Clique
421,Sex and the City
422,On the Road
423,Casino Royale
424,Avatar: The Last Airbender
425,The Funhouse
426,Moll Flanders
427,The Tale of the Body Thief
428,The Perfect Storm: A True Story of Men Against the Sea
429,Sahara
430,Mrs. Dalloway
431,Warm Bodies
432,"Hellboy, Vol. 1: Seed of Destruction"
433,The Pact
434,Curious George
435,The Little Prince
436,The Martian
437,Tai-Pan
438,Sophie's Choice
439,Cloud Atlas
440,Eaters of the Dead
441,Ghost World
442,Gone Girl
443,The Lost Symbol
444,Horns
445,Norwegian Wood
446,What's Eating Gilbert Grape
447,Thank You for Smoking
448,A Kiss Before Dying
449,The Wild Things
450,Not Without My Daughter
451,The Silver Linings Playbook
452,The Vampire Armand
453,Primal Fear
454,Fantastic Mr. Fox
455,The Day of the Triffids
456,Scarlett
457,The Jane Austen Book Club
458,Les Liaisons dangereuses
459,Forever in Blue: The Fourth Summer of the Sisterhood
460,Outlander
461,Ring
462,The Heart is a Lonely Hunter
463,"Robin Hood, The Prince of Thieves"
464,The Basketball Diaries
465,The Constant Gardener
466,The Sheltering Sky
467,Safe Haven
468,Smiley's People
469,The Good German
470,A Girl of the Limberlost
471,Summer of the Monkeys
472,Intensity
473,I Am Legend
474,Lost Horizon
475,Charly
476,Prozac Nation
477,The Quiet American
478,Exodus
479,The Age of Innocence
480,The Velveteen Rabbit
481,Seven Years in Tibet
482,The BFG
483,The Legend of Sleepy Hollow
484,The Rules of Attraction
485,The Deep End of the Ocean
486,Good in Bed
487,The Celestine Prophecy
488,The Last Wish
489,For Whom the Bell Tolls
490,Jude the Obscure
491,A Year in Provence
492,The Witches of Eastwick
493,Montana Sky
494,I Capture the Castle
495,Just Listen
496,A Simple Plan
497,Gorky Park
498,Gulliver's Travels
499,Daddy-Long-Legs
500,Endless Love
501,Fifty Shades of Grey
502,Veronika Decides to Die
503,Something Borrowed
504,The Body
505,The Invention of Hugo Cabret
506,Youth in Revolt
507,Candy
508,Neuromancer
509,All Quiet on the Western Front
510,Doctor No
511,In the Time of the Butterflies
512,The Murder of Roger Ackroyd
513,Extremely Loud and Incredibly Close
514,The Black Stallion
515,Pictures of Hollis Woods
516,Moby-Dick
517,Phantoms
518,Beaches
519,Pay It Forward
520,The Hunchback of Notre-Dame
521,Terms of Endearment
522,The House of Mirth
523,Blue Smoke
524,The Juror
525,A Scanner Darkly
526,"The Soloist: A Lost Dream, an Unlikely Friendship, and the Redemptive Power of Music"
527,Bartleby the Scrivener
528,Snow Flower and the Secret Fan
529,He's Just Not That Into You: The No-Excuses Truth to Understanding Guys
530,White Fang
531,Patriot Games
532,Memnoch the Devil
533,A Beautiful Mind
534,Bless the Beasts and Children
535,Doctor Zhivago
536,Factotum
537,On the Beach
538,How to Train Your Dragon
539,Red Riding Hood
540,Goldfinger
541,The Merchant of Venice
542,Blood Canticle
543,The Last Picture Show
544,A Room with a View
545,Plain Truth
546,A Good Year
547,The Sand Pebbles
548,"I Love You, Beth Cooper"
549,Freckles
550,Eugene Onegin
551,Desperation
552,Tell No One
553,The Ruby in the Smoke
554,The Executioner's Song
555,Point of Impact
556,The Secret
557,Moonraker
558,Brick Lane
559,Hoot
560,If I Stay
561,Raise the Titanic!
562,A Princess of Mars
563,A Bend in the Road
564,Of Love and Shadows
565,The Milagro Beanfield War
566,The Call of the Wild
567,Fatherland
568,Bury My Heart at Wounded Knee: An Indian History of the American West
569,Thunderball
570,Blackwood Farm
571,"Fruits Basket, Vol. 1"
572,Donnie Brasco
573,A Home at the End of the World
574,"Hamlet: Screenplay, Introduction And Film Diary"
575,Girls in Pants: The Third Summer of the Sisterhood
576,The Jungle Book
577,Diamonds Are Forever
578,The Men Who Stare at Goats
579,The Stranger
580,Harriet the Spy
581,To Your Scattered Bodies Go
582,The Hundred and One Dalmatians & The Starlight Barking
583,Orchid Beach
584,The Phantom Tollbooth
585,See Jane Run
586,The Ugly Truth
587,The Body in the Library
588,Death on the Nile
589,Devil in a Blue Dress
590,The Adventures of Sherlock Holmes
591,L.A. Confidential
592,Underworld
593,Marathon Man
594,Planet of the Apes
595,Naked Lunch
596,I Hope They Serve Beer in Hell
597,Snow White & the Huntsman
598,"Tinker, Tailor, Soldier, Spy"
599,The Last of the Mohicans
600,The Outsider
601,"Through the Looking-Glass, and What Alice Found There"
602,Disclosure
603,Pinocchio
604,"Dragon Ball, Vol. 1: The Monkey King"
605,Clockers
606,The Chocolate War
607,Looking for Alibrandi
608,Live and Let Die
609,Paper Towns
610,"To Sir, With Love"
611,The Night Listener
612,The 5th Wave
613,The Jungle Book
614,Pygmalion
615,Me Before You
616,Avalon High
617,You Only Live Twice
618,Wanted
619,The Hellbound Heart
620,The Far Pavilions
621,House
622,The Spy Who Loved Me
623,Heart of Darkness
624,The Woman in Black
625,Storm Front
626,The Lord of the Rings
627,Ask the Dust
628,Matchstick Men: A Novel About Grifters with Issues
629,Blood And Gold
630,From Here to Eternity
631,Indiana Jones and the Temple of Doom
632,The Orchid Thief: A True Story of Beauty and Obsession
633,Brideshead Revisited
634,Sideways
635,The Magus
636,Lightning
637,The Rise and Fall of the Third Reich: A History of Nazi Germany
638,The Strange Case of Dr. Jekyll and Mr. Hyde
639,The Brotherhood of the Rose
640,World Without End
641,"Fruits Basket, Vol. 2"
642,A Song of Ice and Fire
643,Angelfall
644,Twenty Thousand Leagues Under the Sea
645,Black Hawk Down
646,The Zahir
647,Day Watch
648,"Tomorrow, When the War Began"
649,David Copperfield
650,A Dance with Dragons
651,The Puppet Masters
652,Paula
653,The Wings of the Dove
654,Map of Bones
655,Love's Abiding Joy
656,Miss Pettigrew Lives for a Day
657,The End of the Affair
658,A Feast for Crows
659,My Friend Flicka
660,Love's Long Journey
661,A Storm of Swords
662,Alien
663,Going Postal
664,Love Comes Softly
665,We Were Soldiers Once... and Young: Ia Drang - The Battle that Changed the War in Vietnam
666,L'Amant
667,The Chosen
668,Rodrick Rules
669,Sandstorm
670,Animal Husbandry
671,Silk
672,Midnight Bayou
673,A Knight in Shining Armor
674,The Wind in the Willows
675,The Descent
676,Choke
677,Indiana Jones and the Kingdom of the Crystal Skull
678,Way of the Peaceful Warrior: A Book That Changes Lives
679,Much Ado About Nothing
680,The Holcroft Covenant
681,"The Devil in the White City: Murder, Magic, and Madness at the Fair that Changed America"
682,Maniac Magee
683,Where Eagles Dare
684,Underworld: Evolution
685,The Green Berets: The Amazing Story of the U. S. Army's Elite Special Forces Unit
686,The Wanderers
687,Paint it Black
688,"Fruits Basket, Vol. 3"
689,Though None Go with Me
690,Nothing Lasts Forever
691,Inferno
692,Man On Fire
693,Dance Upon the Air
694,"Fruits Basket, Vol. 4"
695,Underworld: Rise of the Lycans
696,Brainwashed
697,Oscar and Lucinda
698,Una palabra tuya
699,Ghost Story
700,The Razor's Edge
701,Rocket Boys
702,"Fruits Basket, Vol. 5"
703,The Last Oracle
704,"Holy Blood, Holy Grail"
705,The Robe
706,Bel-Ami
707,Thumbsucker
708,Freak the Mighty
709,Crazy in Alabama
710,Time Regained
711,Candy Girl: A Year in the Life of an Unlikely Stripper
712,Lone Survivor: The Eyewitness Account of Operation Redwing and the Lost Heroes of SEAL Team 10
713,The Discovery of Heaven
714,"Fruits Basket, Vol. 6"
715,An Inspector Calls
716,Foxfire: Confessions of a Girl Gang
717,The Crow
718,Allegiant
719,Suddenly Last Summer
720,Get Shorty
721,The Odessa File
722,Petals on the Wind
723,"Fruits Basket, Vol. 7"
724,The Girl on the Train
725,Disappearing Acts
726,30 Days of Night: Official Novelization of The Film
727,Legion
728,"That Was Then, This Is Now"
729,"Sarah, Plain and Tall"
730,"Fruits Basket, Vol. 8"
731,Paper Moon
732,Under the Volcano
733,The Lying Game
734,Kick-Ass
735,A Farewell to Arms
736,The Ice Storm
737,Titus Andronicus
738,The Incredible Journey
739,Sounder
740,War and Peace
741,The Redemption of Sarah Cain
742,The Eagle of the Ninth
743,Resident Evil: Extinction
744,"Fruits Basket, Vol. 9"
745,The Ghost
746,The Tin Drum
747,John Adams
748,The Mist
749,The Idiot
750,Crimson Rivers
751,"Tuesdays with Morrie: An Old Man, a Young Man, and Life's Greatest Lesson"
752,"Romulus, My Father"
753,How to Deal
754,Less Than Zero
755,Falling Angel
756,The Death and Life of Charlie St. Cloud
757,Hulk: The Official Movie Adaptation
758,Forever Amber
759,Poison
760,The Diving Bell and the Butterfly
761,A Streetcar Named Desire
762,Out of Sight
763,The Midwich Cuckoos
764,Gangs of New York: An Informal History of the Underworld
765,The Truth About Forever
766,Here be Dragons
767,Katherine
768,Random Harvest
769,I Am the Cheese
770,Shrek!
771,Emma
772,Princess in Love
773,Love's Enduring Promise
774,We the Living
775,The Man With the Golden Gun
776,The Chronicles of Riddick
777,The End of Eternity
778,Eye of the Needle
779,Before I Go to Sleep
780,The Great Gatsby
781,American Hardcore: A Tribal History
782,"Taking Woodstock: A True Story of a Riot, a Concert, and a Life"
783,Chitty Chitty Bang Bang
784,Aliens vs. Predator: Prey
785,The Scarlet Pimpernel
786,Cold Comfort Farm
787,The Lincoln Lawyer
788,Handle with Care
789,Ironweed
790,Tick Tock
791,Conan the Destroyer
792,Eloise
793,The Water is Wide: A Memoir
794,The Day of the Locust
795,Hangman's Curse
796,The Dive From Clausen's Pier
797,The Caine Mutiny
798,Vanishing Acts
799,Johnny Mnemonic
800,The Guardian
801,Fallen
802,The Brothers Karamazov
803,Starman
804,Rising Sun
805,"Tsubasa: Those with Wings, Volume 1"
806,Mandie and the Cherokee Legend
807,Her Fearful Symmetry
808,Beast
809,The Sound and the Fury
810,Nicholas and Alexandra
811,Mandie and the Secret Tunnel
812,The Man Who Fell to Earth
813,From the Mixed-Up Files of Mrs. Basil E. Frankweiler
814,Jurassic Park III
815,"Destiny of the Republic: A Tale of Madness, Medicine and the Murder of a President"
816,The Old Man and the Sea
817,The Golden Chance
818,Stay Close
819,Treasure Island
820,Odd Thomas
821,Off Season
822,Riding in Cars with Boys: Confessions of a Bad Girl Who Makes Good
823,The Secret Of NIMH
824,Enemy Mine
825,Christy
826,Bunnicula Strikes Again!
827,First Blood
828,Maneater
829,Mirror Image
830,The Autobiography of Malcolm X
831,Rosemary's Baby
832,From Russia With Love
833,Alien Nation
834,The Vow: True Events that Inspired the Movie
835,Edge of Tomorrow
836,Fluke
837,Waking the Dead
838,The Bad Mother's Handbook
839,Another Day in Paradise
840,Le Chateau De Ma Mere
841,Galore
842,Killing Me Softly
843,The House on the Gulf
844,Marnie
845,Breathe: A Ghost Story
846,The Elementary Particles
847,Alice in Verse: The Lost Rhymes of Wonderland
848,The Kindness of Strangers
849,The Informant: A True Story
850,Object of My Affection
851,Absolute Beginners
852,Damnation Alley
853,Enchantment
854,Flicka
855,Romanzo criminale
856,Transformers: The Veiled Threat
857,Girl
858,The Night Watch
859,Nightfall
860,Tempelriddaren
861,The City of Joy
862,Che: A Memoir
863,Yes Man
864,The Fabulous Riverboat
865,Body of Lies
866,True Woman
867,The River Why
868,"The Clan of the Cave Bear, the Valley of Horses, the Mammoth Hunters, the Plains of Passage, The Shelters of Stone"
869,Birdsong
870,Before I Die
871,Reverb
872,The Marriage Bargain
873,The Great Santini
874,One Shot
875,The Defector
876,From Beyond
877,My Summer Of Love
878,Ann Marie's Asylum
879,Cosmopolis
880,Grace
881,The Solitude of Prime Numbers
882,Venuto al mondo
883,Wide Sargasso Sea
884,Musashi
885,Heavy
886,Sun & Moon
887,City of Glass
888,Still Alice
889,An Ember in the Ashes
890,Pretty Little Liars
891,A Paper Mask
892,The Night of the Hunter
893,"Love, Rosie"
894,The Squaw Man
895,No Highway
896,Hadassah: One Night with the King
897,Escape from Memory
898,El inquisidor
899,Someone Was Watching
900,At Play in the Fields of the Lord
901,Little Dorrit
902,Bless the Child
903,Sofies Welt
904,The Summer Garden
905,Flicka: Untamed Spirit
906,The Witch Of Portobello
907,Bend It Like Beckham
908,Sharpe's Eagle
909,Transformers
910,Les Plouffe
911,The Power of Myth
912,My Life: A Spoken Autobiography
913,Eight of Jacks
914,Tex
915,Tenderness
916,Creating Monsters
917,La ciudad de los prodigios
918,Moneyball: The Art of Winning an Unfair Game
919,The V Girl
920,The Battle of the Labyrinth
921,Me and Earl and the Dying Girl
922,"The Midwife: A Memoir of Birth, Joy, and Hard Times"
923,The Longest Ride
924,Vampire Academy
925,Reflections in a Golden Eye
926,Hunger Point
927,What the Deaf-Mute Heard
928,Running Out of Time
929,Nothing But You: Love Stories From The New Yorker
930,The Bumblebee Flies Anyway
931,Tatiana and Alexander
932,Thunderhead
933,Left Behind Series Hardcover Gift Set
934,Transformers: Revenge of the Fallen
935,Party Monster: A Fabulous But True Tale of Murder in Clubland
936,Flipped
937,In a Lonely Place
938,The Last Straw
939,North of Beautiful
940,The Illustrated Mum
941,One Hundred Years of Solitude
942,Slimer
943,The Time Between
944,The Cay
945,The Day of the Jackal
946,99 Cahaya di Langit Eropa: Perjalanan Menapak Jejak Islam di Eropa
947,The Surrogates
948,The Mortal Instrument
949,Brighton Rock
950,Arthur and the Invisibles
951,Being at home with Claude
952,A Walk in the Woods: Rediscovering America on the Appalachian Trail
953,Holy Bible: New International Version
954,Anywhere But Here
955,Unleashing Mr. Darcy
956,Pines
957,The World of Divergent: The Path to Allegiant
958,Savage Grace
959,Und Nietzsche weinte
960,The Year of Yes
961,The Bronze Horseman
962,Adolf Hitler: My Part in His Downfall
963,Legend of the Guardians: The Owls of Ga'hoole
964,Elizabeth: The Struggle for the Throne
965,Spud
966,Untitled
967,Strange Pilgrims
968,Carnosaur
969,Fall From Grace
970,Led by Destiny: Hitchhiking Around the World
971,No Logo
972,Redwall
973,Don Quixote
974,Divergent Series Complete Box Set
975,The Dam Busters
976,The Invisible Circus
977,The Darkest Hour
978,Air America
979,The Whale Rider
980,A Little History of the World
981,The Omen
982,The Canterbury Tales
983,Les louves
984,Il cavaliere inesistente
985,Feversong
986,Die Wand
987,The Color of Magic
988,Skellig
989,The Prydain Chronicles
990,Losing Faith
991,Wild: From Lost to Found on the Pacific Crest Trail
992,Martin the Warrior
993,Reach for the Sky
994,Anatomy of a Murder
995,Transformers: Ghosts of Yesterday
996,The Feast of Love
997,Ode to Billy Joe
998,Feverborn
999,The Capture
1000,Cosi Fan Tutte
1001,Night Shift
1002,Steve Jobs
1003,Fate Is the Hunter
1004,Sweet Bird of Youth
1005,The Worst Witch
1006,Into the Wild
1007,Krull
1008,"Sex with the Queen: 900 Years of Vile Kings, Virile Lovers, and Passionate Politics"
1009,Alpha and Omega: The Junior Novel
1010,The Hundred Dresses
1011,Hideous Kinky
1012,Burned
1013,Samuel II
1014,Hitman: Enemy Within
1015,Dangerous Minds
1016,Riverworld: To Your Scattered Bodies Go/The Fabulous Riverboat
1017,Mrs. McGinty's Dead
1018,Rising Storm
1019,The Dead and the Gone
1020,The Forgotten Man: A New History of the Great Depression
1021,The Face on the Milk Carton
1022,Fever Moon: The Fear Dorcha
1023,The Seventh Scroll
1024,Little Children
1025,The Field Guide
1026,Crazy
1027,Portrait in Sepia
1028,Indiana Jones and the Last Crusade
1029,The Seven Dials Mystery
1030,The Murder on the Links
1031,Star Trek
1032,Rain
1033,The First World War
1034,The Masque of the Red Death
1035,Warlock
1036,Grey
1037,Stellaluna
1038,Just Cause
1039,The Taker
1040,"Unbroken: A World War II Story of Survival, Resilience, and Redemption"
1041,Explosive Eighteen
1042,"Game Change: Obama and the Clintons, McCain and Palin, and the Race of a Lifetime"
1043,The Talented Mr. Ripley
1044,Tintin in America
1045,Indiana Jones and the Raiders of the Lost Ark
1046,American Pie
1047,Kim
1048,Return to Howliday Inn
1049,Follow the River
1050,Paris 1919: Six Months That Changed the World
1051,Iced
1052,Para sa Hopeless Romantic
1053,Anne of Green Gables Boxed Set
1054,Brother in the Land
1055,The Sun Also Rises
1056,"Martians, Go Home"
1057,Under the Black Flag: The Romance and the Reality of Life Among the Pirates
1058,Faefever
1059,I Know My First Name Is Steven
1060,The Hound of the Baskervilles
1061,The Little Engine That Could
1062,The Little House Collection
1063,Bee Season
1064,The Lastling
1065,Mother Night
1066,Legacy of Ashes: The History of the CIA
1067,Bloodfever
1068,Three Comrades
1069,Robinson Crusoe
1070,The Long Winter
1071,Little Earthquakes
1072,Ghost Soldiers: The Epic Account of World War II's Greatest Rescue Mission
1073,Dreamfever
1074,Citizen Soldiers: The U S Army from the Normandy Beaches to the Bulge to the Surrender of Germany
1075,Darkfever
1076,Auntie Mame: An Irreverent Escapade
1077,The Great Train Robbery
1078,Wolverine: Origin
1079,Howards End
1080,4:50 from Paddington
1081,Shadowfever
1082,Star Wars - Episode I: The Phantom Menace
1083,Cat Among the Pigeons
1084,"Guns, Germs, and Steel: The Fates of Human Societies"
1085,Apt Pupil
1086,Constantine
1087,Strangers When We Meet
1088,Wokini: A Lakota Journey to Happiness and Self-Understanding
1089,Gods in Alabama
1090,The Mystery of the Blue Train
1091,Howliday Inn
1092,Cleopatra: A Life
1093,Coriolanus
1094,The Painted Veil
1095,Death in the Clouds
1096,Sink the Bismarck
1097,Henry V
1098,The Shoemaker's Wife
1099,Under the Dome
1100,The Good Mother
1101,Pretty Good for a Girl: The Autobiography of a Snowboarding Pioneer
1102,After the Funeral
1103,The Celery Stalks at Midnight
1104,Billy Bathgate
1105,Star Wars - Episode II: Attack of the Clones
1106,Poems
1107,The Thirteen Problems
1108,Nighty-Nightmare
1109,1776
1110,The Jungle Books
1111,The Thin Man
1112,Hellblazer: Rake at the Gates of Hell
1113,Star Wars - Episode IV: A New Hope
1114,Captain Blood
1115,"I, Claudius"
1116,Onslaught
1117,Goodnight Nobody
1118,"The Professor and the Madman: A Tale of Murder, Insanity and the Making of the Oxford English Dictionary"
1119,BUtterfield 8
1120,The Woods
1121,"If You're Reading This, It's Too Late"
1122,Team of Rivals: The Political Genius of Abraham Lincoln
1123,Don't Move
1124,Reckless
1125,"X-Men: God Loves, Man Kills"
1126,How to Eat Fried Worms
1127,"Rich Man, Poor Man"
1128,"Dragon Ball Z, Vol. 1: The World's Greatest Team"
1129,The Emperor of All Maladies: A Biography of Cancer
1130,"Angel Sanctuary, Vol. 1"
1131,Founding Brothers: The Revolutionary Generation
1132,The Luzhin Defense
1133,Batman Forever: The Official Comic Adaptation of Motion Picture
1134,The Sea Wolf
1135,Arch of Triumph: A Novel of a Man Without a Country
1136,The Woman Destroyed
1137,"Astonishing X-Men, Vol. 1: Gifted"
1138,Texasville
1139,White Lies
1140,"Superman/Batman, Vol. 1: Public Enemies"
1141,Benjamin Franklin: An American Life
1142,The Great Escape
1143,The Ox-Bow Incident
1144,"Superman/Batman, Vol. 2: Supergirl"
1145,52 Pick Up
1146,All Night Long
1147,Batman: The Long Halloween
1148,The Big Bounce
1149,Hombre
1150,Ravished
1151,Arrowsmith
1152,The Blind Assassin
1153,Little Big Man
1154,One-Hit Wonder
1155,MADAME KITTY
1156,On Her Majesty's Secret Service
1157,The Crush
1158,Atlas Shrugged
1159,Mr. and Mrs. Bo Jo Jones
1160,The Dying Animal
1161,For Your Eyes Only
1162,Tank Girl
1163,Confessions Of A Dangerous Mind
1164,The Postman Always Rings Twice
1165,The Brass Bowl
1166,"Farewell, My Lovely"
1167,Gift of Gold
1168,Molly Make-Believe
1169,The Long Goodbye
1170,"Absolutely, Positively"
1171,Jonathan Strange & Mr Norrell
1172,Pollyanna
1173,The Grifters
1174,The Cater Street Hangman
1175,Double Indemnity
1176,Cash
1177,Trilby
1178,The Big Sleep
1179,Austenland
1180,The Mayor of Casterbridge
1181,The Diary of a Nobody
1182,The Tailor of Panama
1183,The Enchanted April
1184,The Russia House
1185,The Comedians
1186,Fanny Herself
1187,The Virginian: A Horseman of the Plains
1188,The Curious Case of Benjamin Button
1189,Of Human Bondage
1190,The Bridge of San Luis Rey
1191,Love Takes Wing
1192,Love Finds a Home
1193,Appaloosa
1194,Far from the Madding Crowd
1195,Bastard Out of Carolina
1196,Love's Unending Legacy
1197,The Devil's Arithmetic
1198,Love's Unfolding Dream
1199,Riding the Rap
1200,Confessions of an Ugly Stepsister
1201,Pronto
1202,Raylan
1203,The Hot Kid
1204,Rum Punch
1205,Be Cool
1206,Freaky Deaky
1207,Maximum Bob
1208,Cuba Libre
1209,The Princess Bride
1210,The Notebook
1211,The Devil Wears Prada
1212,The Lord of the Rings
1213,Stardust
1214,Fight Club
1215,Bridget Jones's Diary
1216,Forrest Gump
1217,"The Lion, the Witch, and the Wardrobe"
1218,A Walk to Remember
1219,The Princess Diaries
1220,Twilight
1221,The Fellowship of the Ring
1222,Pride and Prejudice
1223,The Wonderful Wizard of Oz
1224,The Godfather
1225,The Shining
1226,Chocolat
1227,Different Seasons
1228,Jurassic Park
1229,Charlie and the Chocolate Factory
1230,Interview with the Vampire
1231,Sex and the City
1232,The Two Towers
1233,Darkly Dreaming Dexter
1234,The Sisterhood of the Traveling Pants
1235,The Return of the King
1236,Jaws
1237,The Silence of the Lambs
1238,Howl's Moving Castle
1239,Holes
1240,Ella Enchanted
1241,"Girl, Interrupted"
1242,Bridge to Terabithia
1243,Atonement
1244,Romeo and Juliet
1245,Brokeback Mountain
1246,Harry Potter and the Order of the Phoenix
1247,The Bourne Identity
1248,V for Vendetta
1249,The Last of the Mohicans
1250,Sense and Sensibility
1251,Big Fish
1252,Practical Magic
1253,Do Androids Dream of Electric Sheep?
1254,Dracula
1255,Mary Poppins
1256,Jumanji
1257,Gone with the Wind
1258,The Phantom of the Opera
1259,Coraline
1260,About a Boy
1261,Prince Caspian
1262,A Clockwork Orange
1263,Tuck Everlasting
1264,Breakfast at Tiffany's
1265,Harry Potter and the Sorcerer's Stone
1266,P.S. I Love You
1267,"Julie and Julia: 365 Days, 524 Recipes, 1 Tiny Apartment Kitchen: How One Girl Risked Her Marriage, Her Job, and Her Sanity to Master the Art of Living"
1268,American Psycho
1269,Little Women
1270,The Children of Men
1271,Fried Green Tomatoes at the Whistle Stop Cafe
1272,High Fidelity
1273,Harry Potter and the Prisoner of Azkaban
1274,One Flew Over the Cuckoo's Nest
1275,The Time Traveler's Wife
1276,The Jane Austen Book Club
1277,Into the Wild
1278,Legally Blonde
1279,A Little Princess
1280,The Prestige
1281,The Color Purple
1282,The Bridges of Madison County
1283,Memoirs of a Geisha
1284,Casino Royale
1285,The English Patient
1286,New Moon
1287,Emma
1288,My Sister's Keeper
1289,Bridget Jones: The Edge of Reason
1290,The Green Mile
1291,Schindler's List
1292,2001: A Space Odyssey
1293,The Da Vinci Code
1294,The Hours
1295,Misery
1296,No Country For Old Men
1297,Carrie
1298,Anne of Green Gables
1299,The Painted Veil
1300,The Secret Garden
1301,Alice in Wonderland
1302,Cold Mountain
1303,The Curious Case of Benjamin Button
1304,Trainspotting
1305,Eragon
1306,The Firm
1307,Starship Troopers
1308,The Hunger Games
1309,The Lovely Bones
1310,The Perks of Being a Wallflower
1311,How the Grinch Stole Christmas!
1312,The Cider House Rules
1313,The Virgin Suicides
1314,Matilda
1315,In Her Shoes
1316,The Girl with the Dragon Tattoo
1317,The Joy Luck Club
1318,The Boy in the Striped Pajamas
1319,Dead Until Dark
1320,Confessions of a Shopaholic
1321,Harry Potter and the Goblet of Fire
1322,The Count of Monte Cristo
1323,To Kill a Mockingbird
1324,The Hobbit
1325,Harry Potter and the Chamber of Secrets
1326,Under the Tuscan Sun
1327,Harry Potter and the Half-Blood Prince
1328,The Great Gatsby
1329,Where the Heart Is
1330,Fear and Loathing in Las Vegas
1331,How to Train Your Dragon
1332,Inkheart
1333,Harry Potter and the Deathly Hallows
1334,Divergent
1335,Rosemary's Baby
1336,The Silver Linings Playbook
1337,Perfume: The Story of a Murderer
1338,Everything Is Illuminated
1339,A Christmas Carol
1340,Eaters of the Dead
1341,Mansfield Park
1342,Pay It Forward
1343,Marley and Me: Life and Love With the World's Worst Dog
1344,Nick & Norah's Infinite Playlist
1345,Dead Poets Society
1346,North and South
1347,A Room with a View
1348,Eclipse
1349,The Exorcist
1350,The Body
1351,The Remains of the Day
1352,Midnight in the Garden of Good and Evil: A Savannah Story
1353,Frankenstein
1354,Peter Pan
1355,Shoeless Joe
1356,Breaking Dawn
1357,The Awakening
1358,Heart of Darkness
1359,The Hunt for Red October
1360,Wuthering Heights
1361,The Crow
1362,The First Wives Club
1363,The Help
1364,MASH: A Novel About Three Army Doctors
1365,The Secret Life of Bees
1366,Rebecca
1367,Contact
1368,A Beautiful Mind
1369,"Eat, Pray, Love"
1370,Psycho
1371,The Talented Mr. Ripley
1372,Catch Me If You Can: The True Story of a Real Fake
1373,Planet of the Apes
1374,Ghost World
1375,Q & A
1376,Catching Fire
1377,The Bourne Supremacy
1378,Beastly
1379,Angels & Demons
1380,Dear John
1381,Of Mice and Men
1382,The Maze Runner
1383,Freaky Friday
1384,The Graduate
1385,Les Liaisons dangereuses
1386,The Bourne Ultimatum
1387,Like Water for Chocolate
1388,Persuasion
1389,The Namesake
1390,The Minority Report
1391,The War of the Worlds
1392,Mockingjay
1393,Water for Elephants
1394,Wanted
1395,A Time to Kill
1396,Dances with Wolves
1397,The Last Unicorn
1398,Stuart Little
1399,Hannibal
1400,Dolores Claiborne
1401,The Dead Zone
1402,The Constant Gardener
1403,Divine Secrets of the Ya-Ya Sisterhood
1404,Blood and Chocolate
1405,Out of Africa
1406,The Swiss Family Robinson
1407,The Polar Express
1408,Watchmen
1409,The Blind Side
1410,The Name of the Rose
1411,Life of Pi
1412,The Host
1413,The Neverending Story
1414,A River Runs Through It
1415,L.A. Confidential
1416,Never Let Me Go
1417,The Horse Whisperer
1418,Cheaper by the Dozen
1419,The Rules of Attraction
1420,The Nanny Diaries
1421,Lolita
1422,Charlotte's Web
1423,The Crucible
1424,The Orchid Thief: A True Story of Beauty and Obsession
1425,Warm Bodies
1426,Dune
1427,Great Expectations
1428,The Kite Runner
1429,The City of Ember
1430,The Scarlet Pimpernel
1431,The Last Song
1432,Kick-Ass
1433,The World According to Garp
1434,Braveheart
1435,300
1436,Rosencrantz and Guildenstern Are Dead
1437,The Right Stuff
1438,Let the Right One In
1439,He's Just Not That Into You: The No-Excuses Truth to Understanding Guys
1440,Dearly Devoted Dexter
1441,The Scarlet Letter
1442,The Hitchhiker's Guide to the Galaxy
1443,Logan's Run
1444,Madame Doubtfire
1445,Empire of the Sun
1446,Much Ado About Nothing
1447,A Streetcar Named Desire
1448,Orlando
1449,The Reader
1450,To Have and Have Not
1451,The Fault in Our Stars
1452,Wonder Boys
1453,Timeline
1454,Running with Scissors
1455,Requiem for a Dream
1456,Beaches
1457,The Stepford Wives
1458,The Witches of Eastwick
1459,Cloudy With a Chance of Meatballs
1460,The Lightning Thief
1461,Deliverance
1462,Fantastic Mr. Fox
1463,The Rainmaker
1464,Shutter Island
1465,Speak
1466,Terms of Endearment
1467,What Dreams May Come
1468,A Stir of Echoes
1469,The Running Man
1470,The Taming of the Shrew
1471,Sophie's Choice
1472,The Thin Man
1473,Seabiscuit: An American Legend
1474,The Golden Compass
1475,The Hunchback of Notre-Dame
1476,Girl With a Pearl Earring
1477,Cujo
1478,White Oleander
1479,Shopgirl
1480,Love in the Time of Cholera
1481,The Motorcycle Diaries: Notes on a Latin American Journey
1482,Thank You for Smoking
1483,I Know What You Did Last Summer
1484,Close Encounters Of The Third Kind
1485,Less Than Zero
1486,Who Censored Roger Rabbit?
1487,The Bone Collector
1488,Sleeping with the Enemy
1489,Fletch
1490,The Big Sleep
1491,A Very Long Engagement
1492,Austenland
1493,A Single Man
1494,Little Children
1495,The Time Machine
1496,Something Borrowed
1497,Beowulf
1498,Snow Falling on Cedars
1499,Cloud Atlas
1500,A Game of Thrones
1501,Hoot
1502,Insurgent
1503,Alice's Adventures in Wonderland & Through the Looking-Glass
1504,Wizard's First Rule
1505,Babe: The Gallant Pig
1506,If I Stay
1507,Cold Comfort Farm
1508,Fahrenheit 451
1509,Somewhere In Time
1510,Chitty Chitty Bang Bang
1511,One Day
1512,The Voyage of the Dawn Treader
1513,Pygmalion & My Fair Lady
1514,Sideways
1515,The Prime of Miss Jean Brodie
1516,City of Bones
1517,The Maltese Falcon
1518,Red Dragon
1519,Naked Lunch
1520,Congo
1521,Lord of the Flies
1522,The Martian
1523,Harry Potter Boxset
1524,Jane Eyre
1525,James and the Giant Peach
1526,The Giver
1527,Northanger Abbey
1528,Out of Sight
1529,It
1530,The Natural
1531,The Book Thief
1532,True Grit
1533,Silk
1534,Ben-Hur: A Tale of the Christ
1535,The Mists of Avalon
1536,Gone Girl
1537,Ring
1538,"How My Private, Personal Journal Became a Bestseller"
1539,What's Eating Gilbert Grape
1540,The Runaway Jury
1541,Possession
1542,Being There
1543,If Only It Were True
1544,Cat on a Hot Tin Roof
1545,Riding in Cars with Boys: Confessions of a Bad Girl Who Makes Good
1546,The Struggle
1547,The Woman in Black
1548,House of Sand and Fog
1549,Bedknob and Broomstick
1550,The Bad Beginning
1551,"I, Robot"
1552,Must Love Dogs
1553,Ethan Frome
1554,Push
1555,Firestarter
1556,Doctor Zhivago
1557,The Andromeda Strain
1558,Legends of the Fall
1559,The Stand
1560,Jumper
1561,A History of Violence
1562,The Power of One
1563,Flipped
1564,The Road
1565,Harold and Maude
1566,Along Came a Spider
1567,Scarlett
1568,The Night of the Hunter
1569,Pinocchio
1570,Election
1571,The Age of Innocence
1572,Dark Reunion
1573,Primal Fear
1574,The Fury
1575,The Ultimate Gift
1576,Journey to the Center of the Earth
1577,Moby-Dick
1578,Extremely Loud and Incredibly Close
1579,The Commitments
1580,Whip It
1581,Up in the Air
1582,The Beach
1583,Skipping Christmas
1584,Bleak House
1585,The Incredible Journey
1586,Revolutionary Road
1587,Mystic River
1588,Wives and Daughters
1589,Cape Fear
1590,Battle Royale
1591,East of Eden
1592,Aquamarine
1593,The Pelican Brief
1594,First Blood
1595,The Whale Rider
1596,Nightfall
1597,Murder on the Orient Express
1598,Scott Pilgrim's Precious Little Life
1599,Donnie Brasco: My undercover life in the Mafia
1600,The Catcher in the Rye
1601,Rita Hayworth and Shawshank Redemption: A Story from Different Seasons
1602,Forrest Gump
1603,Pet Sematary
1604,The Hunger
1605,Oil!
1606,The Devil's Advocate
1607,A Good Year
1608,Gulliver's Travels
1609,Nothing Lasts Forever
1610,Beautiful Creatures
1611,Fantastic Voyage
1612,A Living Nightmare
1613,The 101 Dalmatians
1614,"Tomorrow, When the War Began"
1615,Goldfinger
1616,Drive
1617,Evening
1618,Princess Mia
1619,The Magic of Ordinary Days
1620,The Pursuit of Happyness
1621,The Best Exotic Marigold Hotel
1622,The Perfect Storm: A True Story of Men Against the Sea
1623,Mysterious Skin
1624,Asking for Trouble
1625,White Fang
1626,The Postman
1627,Ender's Game
1628,Moonraker
1629,The Strange Case of Dr. Jekyll and Mr. Hyde
1630,The Pillars of the Earth
1631,The Legend of Sleepy Hollow
1632,"Sweeney Todd; or, The String of Pearls"
1633,Corelli's Mandolin
1634,How I Live Now
1635,A Patch of Blue
1636,Howards End
1637,The Client
1638,The Love Letter
1639,Kiss the Girls
1640,The Inheritance
1641,The Snowman
1642,Sphere
1643,The Memory Keeper's Daughter
1644,Rising Sun
1645,Princess in Training
1646,The Death and Life of Charlie St. Cloud
1647,Slaughterhouse-Five
1648,The Vow: The Kim and Krickitt Carpenter Story
1649,Casino
1650,Diamonds Are Forever
1651,"30 Days of Night, Vol. 1"
1652,Where the Red Fern Grows
1653,Herbert West: Reanimator and Other Stories
1654,The House of the Spirits
1655,Moll Flanders
1656,Christine
1657,The Adventures of Tom Sawyer
1658,National Velvet
1659,The Spectacular Now
1660,The Tale of Despereaux
1661,World War Z: An Oral History of the Zombie War
1662,Live and Let Die
1663,Sarah's Key
1664,Before I Die
1665,The Amityville Horror
1666,Rumble Fish
1667,The Awakening / The Struggle
1668,The Ruins
1669,The Short-Timers
1670,Fast Times at Ridgemont High
1671,The Man Who Would Be King
1672,Dreamcatcher
1673,"I Love You Phillip Morris: A True Story of Life, Love, & Prison Breaks"
1674,Gorky Park
1675,The Prince of Tides
1676,A Passage to India
1677,Peyton Place
1678,Geek Charming
1679,Cosmos
1680,The Clique
1681,Fever Pitch
1682,The Lincoln Lawyer
1683,Pretty Little Liars
1684,The Basketball Diaries
1685,The Ice Storm
1686,Washington Square
1687,Gentlemen Prefer Blondes
1688,Sundays at Tiffany's
1689,"The Trouble Begins: A Box of Unfortunate Events, Books 1-3"
1690,"The Accidental Billionaires: The Founding of Facebook, a Tale of Sex, Money, Genius and Betrayal"
1691,To Die for
1692,The DUFF: Designated Ugly Fat Friend
1693,The Road to Jerusalem
1694,K-Pax
1695,"Sin City, Vol. 4: That Yellow Bastard"
1696,Wild at Heart
1697,Catch-22
1698,Fingersmith
1699,From Here to Eternity
1700,The Ghost and Mrs. Muir
1701,We Need to Talk About Kevin
1702,From Russia With Love
1703,A Princess of Mars
1704,The Diving Bell and the Butterfly
1705,Sliver
1706,Madame Bovary
1707,The Thin Red Line
1708,Flicka
1709,The Fury / Dark Reunion
1710,Zodiac: The Shocking True Story of America's Most Elusive Serial Killer: The Shocking True Story of America's Most Bizarre Mass Murderer
1711,Falling Angel
1712,The Freedom Writers Diary
1713,Shiloh
1714,Get Shorty
1715,Around the World in Eighty Days
1716,The Lost World
1717,Eddie and the Cruisers
1718,Tim Burton's The Nightmare Before Christmas
1719,The Way We Live Now
1720,Where the Wild Things Are
1721,The Jungle Book
1722,The Full Monty
1723,The Thorn Birds
1724,The Last Temptation of Christ
1725,Confessions of an Ugly Stepsister
1726,Amadeus
1727,The Man in the Brown Suit
1728,The African Queen
1729,Tarzan of the Apes
1730,Ordinary People
1731,The Black Stallion
1732,Post Grad
1733,Lost in Translation
1734,The Three Musketeers
1735,"The Walking Dead, Vol. 01: Days Gone Bye"
1736,Six Days of the Condor
1737,Cool Hand Luke
1738,Red Riding Hood
1739,Winter's Bone
1740,Twelve Angry Men
1741,"I Love You, Beth Cooper"
1742,The Ultimate Hitchhiker's Guide to the Galaxy
1743,The Taking of Pelham One Two Three
1744,Confessions of a Teenage Drama Queen
1745,The Lost Boys
1746,The Invisible
1747,Breakfast on Pluto
1748,The Romantics
1749,The Slap
1750,The Shipping News
1751,Red Alert
1752,Leaving Las Vegas
1753,Winter's Tale
1754,Savages
1755,"Alexander and the Terrible, Horrible, No Good, Very Bad Day"
1756,A Prayer for Owen Meany
1757,Between a Rock and a Hard Place
1758,Under the Dome
1759,MirrorMask
1760,Story of O
1761,Ballet Shoes
1762,The Piano Teacher
1763,The Apple Dumpling Gang
1764,Paper Towns
1765,Horns
1766,The Handmaid's Tale
1767,Barry Lyndon
1768,I Am David
1769,"Two Past Midnight: Secret Window, Secret Garden"
1770,Murphy's Romance
1771,The Capture
1772,Longitude: The True Story of a Lone Genius Who Solved the Greatest Scientific Problem of His Time
1773,The Unbearable Lightness of Being
1774,Ivanhoe
1775,Eugene Onegin
1776,Vertigo
1777,The Minority Report: 18 Classic Stories
1778,Rodrick Rules
1779,The Secret Life of Walter Mitty
1780,Shining Through
1781,An Education: My Life Might Have Turned Out Differently if I Had Just Said No
1782,The Lover
1783,Confessions Of A Dangerous Mind
1784,Gentlemen Prefer Blondes & But Gentlemen Marry Brunettes
1785,Lemonade Mouth
1786,"They Shoot Horses, Don't They?"
1787,The Pact
1788,Death Comes to Pemberley
1789,Arise
1790,Snowpiercer: The Escape
1791,The Importance of Being Earnest
1792,The 5th Wave
1793,The Werewolf of Paris
1794,The General's Daughter
1795,"Queen Margot, or Marguerite de Valois"
1796,Elsewhere
1797,Fearless
1798,City of God
1799,Random Harvest
1800,The Year of Living Dangerously
1801,The Mermaids Singing
1802,I Capture the Castle
1803,Phantoms
1804,Case Histories
1805,The Accidental Tourist
1806,The Dragon and the George
1807,The Frog Princess
1808,Where Eagles Dare
1809,Nim's Island
1810,Wolfen
1811,Personal Velocity
1812,Cranford
1813,Montana Sky
1814,Thunderhead
1815,Officer and a Gentleman M/TV
1816,The Deep End of the Ocean
1817,Winnie-the-Pooh
1818,Legend
1819,Lorna Doone
1820,Rain Man
1821,The Island of Dr. Moreau
1822,Marnie
1823,Jesus' Son
1824,Bless the Child
1825,The Mosquito Coast
1826,Doctor No
1827,Mother
1828,Princess on the Brink
1829,The Iliad
1830,The Milagro Beanfield War
1831,The End of the Affair
1832,One for the Money
1833,Mrs. Frisby and the Rats of NIMH
1834,Children of Dune
1835,The Lathe of Heaven
1836,The Lucky One
1837,Lonesome Dove
1838,The Sweet Hereafter
1839,Passchendaele: The Untold Story
1840,The Sea Wolf
1841,The Assassination of Jesse James by the Coward Robert Ford
1842,Nobody's Fool
1843,Midnight Cowboy
1844,The Spy Who Loved Me
1845,Oranges Are Not the Only Fruit
1846,The Quiet Earth
1847,Critical Care
1848,The Dying Animal
1849,The Young Lions
1850,Dreamgirls
1851,The Ice Harvest
1852,A Month in the Country
1853,Kitty Foyle
1854,The Tenant
1855,The Tin Drum
1856,The Autobiography of Miss Jane Pittman
1857,The Wives of Bath
1858,The Razor's Edge
1859,Bulletproof Monk
1860,Salmon Fishing in the Yemen
1861,The Human Stain
1862,The Third Man & The Fallen Idol - The New Windmill Series
1863,Argo: How the CIA & Hollywood Pulled Off the Most Audacious Rescue in History
1864,The Piano
1865,Dreamer: Inspired by a True Story
1866,The Dark Fields
1867,"Ligo Na U, Lapit Na Me"
1868,Love Comes Softly
1869,Mrs. Palfrey at the Claremont
1870,Crash
1871,Where She Went
1872,Fatelessness
1873,Crazy in Alabama
1874,"Love, Rosie"
1875,The Outsider
1876,Pact of the Fathers
1877,Hector and the Search for Happiness
1878,Anatomy of a Murder
1879,Zazie in the Metro
1880,The Hunter
1881,Coraline
1882,The Invention of Hugo Cabret
1883,The Thirty-First of June
1884,Dance Me Outside
1885,Alone Yet Not Alone: Their faith became their freedom
1886,Matchstick Men: A Novel About Grifters with Issues
1887,The Lady in the Van
1888,It's Kind of a Funny Story
1889,Divergent Series Complete Box Set
1890,Big Trouble
1891,The Night Manager
1892,Tinker Tailor Soldier Spy
1893,Gone Girl
1894,Under the Skin
1895,The Carrie Diaries
1896,Le Petit Prince
1897,Bella Mafia
1898,Sometimes a Great Notion
1899,Aunt Julia and the Scriptwriter
1900,Suzanne's Diary for Nicholas
1901,My Friend Flicka
1902,Flicka: Untamed Spirit
1903,The Hole
1904,The Railway Children
1905,The Lorax
1906,Basil of Baker Street
1907,The Sea-Hawk
1908,Sounder
1909,Brideshead Revisited
1910,Last Exit to Brooklyn
1911,The Redemption of Sarah Cain
1912,Norwegian Wood
1913,The Mist
1914,A Simple Plan
1915,The Nameless
1916,Jewels
1917,The Invisible Man
1918,The Color of Magic
1919,Scott Pilgrim's Finest Hour
1920,The Hundred-Foot Journey
1921,Macbeth
1922,Rocketeer: The Complete Adventures
1923,Pride and Prejudice and Zombies
1924,"20,000 Leagues Under the Sea"
1925,Blue is the Warmest Color
1926,Me and Earl and the Dying Girl
1927,The Road
1928,The Dark Room
1929,The Pope of Greenwich Village
1930,Red Harvest
1931,Derailed
1932,The Wire in the Blood
1933,Strangers on a Train
1934,Jakob the Liar
1935,The Box Of Delights
1936,Roadside Picnic
1937,The Lady Vanishes
1938,Moneyball: The Art of Winning an Unfair Game
1939,Tre metri sopra il cielo
1940,Mildred Pierce
1941,Night Shift
1942,Scott Pilgrim Bundle
1943,The World of Henry Orient
1944,Something Wicked This Way Comes
1945,The Seven Pillars of Wisdom: a triumph
1946,Even Cowgirls Get the Blues
1947,Man of Steel
1948,Parade's End
1949,Prozac Nation
1950,Never Goodnight
1951,Bad Behavior
1952,Dark Places
1953,The War of the Roses
1954,Kneller's Happy Campers
1955,Nanny McPhee: Based on the Collected Tales of Nurse Matilda
1956,Point of Impact
1957,"Blue Exorcist, Vol. 1"
1958,Abzurdah
1959,Freakonomics: A Rogue Economist Explores the Hidden Side of Everything
1960,The Secret of Roan Inish
1961,The Scorch Trials
1962,Titus Andronicus
1963,Shrek!
1964,Me Before You
1965,The Glass Key
1966,Gossip Girl
1967,Goodbye to Berlin
1968,The Final Programme
1969,The Man From Snowy River
1970,Far and Away
1971,Nights in Rodanthe
1972,An Unsuitable Job For A Woman
1973,Breakfast with Scot
1974,The Surrogates
1975,The Wide Window
1976,Carnosaur
1977,The Bonfire of the Vanities
1978,Ritual
1979,All You Need Is Kill
1980,Semi-Tough
1981,Youth in Revolt
1982,Desert of the Heart
1983,The Wings of the Dove
1984,Monkey Shines
1985,The Sailor Who Fell from Grace with the Sea
1986,Die Asche meiner Mutter: irische Erinnerungen
1987,The Loved One
1988,The 39 Steps
1989,A jangada de pedra
1990,Dr. Mabuse
1991,Starter for Ten
1992,The House of Dr. Edwardes
1993,The Five People You Meet in Heaven
1994,Glengarry Glen Ross
1995,Need for Speed
1996,Allegiant
1997,Metropolis: New Revised Edition
1998,Poor SAP
1999,Life With Mother Superior
2000,Paprika
2001,Pather panchali: Song of the road
2002,The Son of Neptune
2003,Born on the Fourth of July
2004,Gregory's Girl
2005,"Sin City, Vol. 1: The Hard Goodbye"
2006,The Palace Thief
2007,The King's Speech: How One Man Saved the British Monarchy
2008,The Heart is a Lonely Hunter
2009,Wicked: The Life and Times of the Wicked Witch of the West
2010,58 Minutes
2011,Nemesis
2012,Portrait of Jennie
2013,The Conformist
2014,Skellig
2015,The Leopard
2016,The Day After Tomorrow
2017,Paths of Glory
2018,Endless Love
2019,The Horseman on the Roof
2020,Mia Goes Fourth
2021,Black Narcissus
2022,The Fallen and Leviathan
2023,Meet Felicity: An American Girl
2024,The Shack
2025,Meet Kit: An American Girl 1934
2026,Meet Samantha: An American Girl
2027,Prime Suspect
2028,Bridget Jones: The Edge of Reason
2029,For Your Eyes Only
2030,The Buccaneers
2031,Tuck Everlasting
2032,Thunderball
2033,Outside Over There
2034,"Sagwa, the Chinese Siamese Cat"
2035,On Her Majesty's Secret Service
2036,You Only Live Twice
2037,Double Indemnity
2038,Jane and the Dragon
2039,The Man With the Golden Gun
2040,Octopussy & the Living Daylights
2041,Waltz With Bashir: A Lebanon War Story
2042,Drugstore Cowboy
2043,Solaris
2044,The Journey
2045,The Rescue
